{"cameraMode":{"drawMode":0,"name":"Shaded","section":"Shading Mode"},"sceneLighting":true,"audioPlay":false,"sceneViewState":{"showFog":true,"showMaterialUpdate":false,"showSkybox":true,"showFlares":true,"showImageEffects":true,"showParticleSystems":true},"in2DMode":false,"pivot":{"x":6.715080261230469,"y":4.699847221374512,"z":16.32658576965332},"rotation":{"x":0.013187711127102375,"y":-0.018900267779827119,"z":-0.00024942762684077024,"w":-0.9997344017028809},"size":10.0,"orthographic":false}